,X,Y
0,-90.455251,47.023999999999994
1,-90.457128,47.044058
2,-90.455024,47.053470000000004
3,-90.449075,47.066013
4,-90.437271,47.073483
5,-90.417272,47.07757
6,-90.39536700000001,47.077175
7,-90.39383000000001,47.075941
8,-90.393035,47.067877
9,-90.394312,47.060909
10,-90.400409,47.046588
11,-90.403499,47.025366
12,-90.413428,47.01317
13,-90.429397,47.00561
14,-90.464079,46.994636
15,-90.46546500000001,47.002593
16,-90.457453,47.012783
17,-90.455251,47.023999999999994
18,-90.55328,46.916674
19,-90.55731899999999,46.918693
20,-90.56916899999999,46.920309
21,-90.637124,46.906724
22,-90.644144,46.908379
23,-90.65480500000001,46.919259000000004
24,-90.651834,46.925267
25,-90.634507,46.942944
26,-90.601153,46.952457
27,-90.52880400000001,46.968497
28,-90.523298,46.967603999999994
29,-90.511623,46.961407
30,-90.508157,46.956835999999996
31,-90.524056,46.935664
32,-90.535368,46.931486
33,-90.539947,46.92785
34,-90.543583,46.923002000000004
35,-90.543852,46.918289
36,-90.537461,46.91196
37,-90.544515,46.908592999999996
38,-90.552318,46.908219
39,-90.549104,46.915461
40,-90.55328,46.916674
41,-90.783086,46.772939
42,-90.790965,46.781372999999995
43,-90.791562,46.784983000000004
44,-90.790231,46.786103000000004
45,-90.758586,46.796214
46,-90.733001,46.800219
47,-90.728546,46.804356
48,-90.727818,46.810434
49,-90.72093199999999,46.815897
50,-90.71238100000001,46.820743
51,-90.675364,46.833929
52,-90.65694599999999,46.843476
53,-90.643218,46.853844
54,-90.63404799999999,46.864396
55,-90.62204799999999,46.872871999999994
56,-90.616452,46.874466
57,-90.602552,46.872706
58,-90.58739200000001,46.858056
59,-90.570006,46.849696
60,-90.568874,46.847252000000005
61,-90.578263,46.841653
62,-90.584489,46.839825
63,-90.613822,46.837942
64,-90.676133,46.818985999999995
65,-90.683356,46.813275
66,-90.685753,46.805003
67,-90.670049,46.799496000000005
68,-90.65531,46.799172999999996
69,-90.652916,46.797755
70,-90.65221899999999,46.794511
71,-90.657179,46.7888
72,-90.696465,46.78204
73,-90.71645600000001,46.785418
74,-90.723938,46.781737
75,-90.739425,46.768021000000005
76,-90.76364699999999,46.754927
77,-90.77122800000001,46.753034
78,-90.788515,46.753313
79,-90.783086,46.772939
80,-86.94751,45.366434000000005
81,-86.95520400000001,45.383721
82,-86.94304100000001,45.41525
83,-86.937393,45.420966
84,-86.934276,45.421149
85,-86.930511,45.417536
86,-86.928045,45.411273
87,-86.917686,45.40789
88,-86.892893,45.40898
89,-86.877502,45.413981
90,-86.86147199999999,45.412067
91,-86.853145,45.405547
92,-86.830353,45.410852
93,-86.829143,45.41649
94,-86.8309,45.426023
95,-86.828661,45.428539
96,-86.81706899999999,45.426963
97,-86.810055,45.422619
98,-86.805868,45.412903
99,-86.805415,45.407323999999996
100,-86.80830300000001,45.406067
101,-86.818073,45.408147
102,-86.824383,45.406135
103,-86.841432,45.389601
104,-86.853103,45.370861
105,-86.863563,45.364888
106,-86.867743,45.353065
107,-86.865499,45.340981
108,-86.86904100000001,45.333223
109,-86.875117,45.330870000000004
110,-86.88780200000001,45.332259
111,-86.895055,45.329035
112,-86.899488,45.322588
113,-86.89666700000001,45.307275
114,-86.896928,45.2983
115,-86.899891,45.295185
116,-86.904898,45.296839
117,-86.913995,45.31211
118,-86.92568100000001,45.3242
119,-86.937368,45.333065000000005
120,-86.948087,45.335296
121,-86.956129,45.342267
122,-86.956198,45.352006
123,-86.953389,45.354715
124,-86.948272,45.355682
125,-86.946297,45.35869
126,-86.94751,45.366434000000005
127,-87.500105,45.058167
128,-87.501572,45.058602
129,-87.504281,45.059197999999995
130,-87.506055,45.059428000000004
131,-87.50618399999999,45.059565
132,-87.506054,45.059702
133,-87.50428000000001,45.060067
134,-87.503602,45.060272
135,-87.50244,45.060706
136,-87.500603,45.061094
137,-87.500105,45.061116999999996
138,-87.498964,45.061231
139,-87.497254,45.061278
140,-87.496415,45.061071999999996
141,-87.495479,45.060660999999996
142,-87.49454300000001,45.060044
143,-87.493381,45.059107
144,-87.492864,45.058376
145,-87.49270200000001,45.057805
146,-87.492573,45.057736
147,-87.49254,45.057462
148,-87.492411,45.057233000000004
149,-87.49231400000001,45.056936
150,-87.492023,45.056502
151,-87.491765,45.056273
152,-87.491636,45.056227
153,-87.491507,45.056090000000005
154,-87.491345,45.056022
155,-87.490216,45.055222
156,-87.490151,45.055039
157,-87.490312,45.054947999999996
158,-87.490925,45.055039
159,-87.49266800000001,45.055792
160,-87.494475,45.056523
161,-87.498379,45.057733
162,-87.49866999999999,45.057779
163,-87.498863,45.057846999999995
164,-87.500105,45.058167
165,-90.640927,42.508302
166,-90.636927,42.513202
167,-90.63672700000001,42.518702000000005
168,-90.640627,42.527701
169,-90.643927,42.540401
170,-90.645627,42.5441
171,-90.654127,42.5499
172,-90.659127,42.5579
173,-90.661527,42.567999
174,-90.67272700000001,42.576599
175,-90.67705500000001,42.579215000000005
176,-90.679375,42.581503000000005
177,-90.685487,42.589614000000005
178,-90.686975,42.591774
179,-90.687775,42.594606
180,-90.687999,42.599198
181,-90.692031,42.610366
182,-90.693999,42.614509000000005
183,-90.70009499999999,42.622461
184,-90.700856,42.626445000000004
185,-90.702671,42.630756
186,-90.706303,42.634169
187,-90.709204,42.636078000000005
188,-90.720209,42.640758
189,-90.73113199999999,42.643437
190,-90.743677,42.645559999999996
191,-90.760389,42.649131
192,-90.76949499999999,42.651443
193,-90.778752,42.652965
194,-90.788226,42.653888
195,-90.79701700000001,42.655772
196,-90.832702,42.661662
197,-90.84391,42.663071
198,-90.852497,42.664821999999994
199,-90.867125,42.668728
200,-90.88743000000001,42.672470000000004
201,-90.900261,42.676254
202,-90.9134,42.682949
203,-90.921155,42.685406
204,-90.92363399999999,42.6855
205,-90.92988100000001,42.684128
206,-90.937045,42.683399
207,-90.941567,42.683844
208,-90.949213,42.685573
209,-90.952415,42.686778000000004
210,-90.965048,42.693233
211,-90.974237,42.695249
212,-90.977735,42.696816
213,-90.98057800000001,42.698932
214,-90.988776,42.708724
215,-90.995536,42.713704
216,-91.000128,42.716189
217,-91.00957700000001,42.720123
218,-91.015687,42.719229
219,-91.017239,42.719566
220,-91.026786,42.724228000000004
221,-91.029692,42.726774
222,-91.03071800000001,42.729684000000006
223,-91.030984,42.73255
224,-91.032013,42.734484
225,-91.035418,42.73734
226,-91.039383,42.738478
227,-91.044139,42.738605
228,-91.046571,42.737167
229,-91.049972,42.736905
230,-91.051275,42.737001
231,-91.053733,42.738238
232,-91.054801,42.740528999999995
233,-91.05481,42.744686
234,-91.056297,42.747341
235,-91.058091,42.749246
236,-91.060172,42.750481
237,-91.06468000000001,42.750914
238,-91.065783,42.753387
239,-91.065492,42.757081
240,-91.06312,42.757273
241,-91.061432,42.757974
242,-91.060129,42.759986
243,-91.060261,42.761846999999996
244,-91.063254,42.763946999999995
245,-91.069549,42.769628000000004
246,-91.070716,42.775502
247,-91.071138,42.783004
248,-91.072447,42.787732
249,-91.07548100000001,42.795466
250,-91.078097,42.806526
251,-91.079314,42.820309
252,-91.078665,42.827678000000006
253,-91.08277,42.829977
254,-91.090136,42.829237
255,-91.09406,42.830813
256,-91.095114,42.834965999999994
257,-91.091402,42.84986
258,-91.091837,42.851225
259,-91.095329,42.85532
260,-91.097656,42.859871000000005
261,-91.09881999999999,42.864421
262,-91.098238,42.875797999999996
263,-91.100565,42.883078000000005
264,-91.104051,42.885971000000005
265,-91.112158,42.891149
266,-91.115512,42.894672
267,-91.117411,42.895837
268,-91.13799999999999,42.903772
269,-91.143375,42.90467
270,-91.144706,42.905964000000004
271,-91.14556,42.90798
272,-91.14617700000001,42.90985
273,-91.146182,42.912338
274,-91.14586800000001,42.914967
275,-91.143878,42.920646000000005
276,-91.1438,42.922877
277,-91.144315,42.926592
278,-91.145517,42.930378000000005
279,-91.149784,42.940244
280,-91.14988000000001,42.941955
281,-91.14909,42.946554
282,-91.14554,42.956509999999994
283,-91.14543,42.958211
284,-91.14655,42.963345000000004
285,-91.14800100000001,42.966155
286,-91.150906,42.970514
287,-91.155519,42.975774
288,-91.156562,42.978226
289,-91.156743,42.987829999999995
290,-91.15749,42.991475
291,-91.168283,43.019426
292,-91.17469200000001,43.038713
293,-91.178087,43.062044
294,-91.177894,43.064206
295,-91.179457,43.067427
296,-91.178761,43.070578000000005
297,-91.17726400000001,43.072983
298,-91.177222,43.080247
299,-91.17519300000001,43.103771
300,-91.177728,43.118733
301,-91.178251,43.124982
302,-91.177932,43.128875
303,-91.177003,43.131846
304,-91.175253,43.134665000000005
305,-91.170372,43.137384000000004
306,-91.160449,43.140575
307,-91.1562,43.142945000000005
308,-91.1462,43.152405
309,-91.143283,43.156413
310,-91.141356,43.163537
311,-91.138649,43.169993
312,-91.135917,43.173421999999995
313,-91.134173,43.174405
314,-91.12442800000001,43.187886
315,-91.123896,43.193536
316,-91.12217,43.197255
317,-91.11911500000001,43.200365999999995
318,-91.113749,43.202908
319,-91.10793100000001,43.206578
320,-91.087456,43.221891
321,-91.079278,43.228259
322,-91.071857,43.235164000000005
323,-91.06639799999999,43.239292999999996
324,-91.062562,43.243165000000005
325,-91.05968399999999,43.248566
326,-91.05790999999999,43.253968
327,-91.057918,43.255365999999995
328,-91.058644,43.257678999999996
329,-91.05975,43.259074
330,-91.061798,43.259952
331,-91.069937,43.260272
332,-91.071698,43.261014
333,-91.072649,43.262128999999995
334,-91.07278199999999,43.264363
335,-91.071574,43.268193
336,-91.071724,43.271392
337,-91.07370999999999,43.274746
338,-91.079875,43.282773
339,-91.085652,43.29187
340,-91.107237,43.313645
341,-91.117661,43.319332
342,-91.129121,43.32635
343,-91.132813,43.32803
344,-91.137343,43.329757
345,-91.15480600000001,43.334826
346,-91.17105500000001,43.340967
347,-91.181115,43.345926
348,-91.188014,43.347602
349,-91.201847,43.349103
350,-91.203964,43.349852
351,-91.20662,43.352524
352,-91.21477,43.365874
353,-91.21499,43.368006
354,-91.21336,43.370096999999994
355,-91.207367,43.373659
356,-91.20607199999999,43.374976000000004
357,-91.204831,43.378887
358,-91.200701,43.38593
359,-91.198953,43.389835
360,-91.19767,43.395334000000005
361,-91.198048,43.399223
362,-91.19940799999999,43.403032
363,-91.20052700000001,43.408485999999996
364,-91.20035899999999,43.412701
365,-91.201224,43.415903
366,-91.203144,43.419805
367,-91.207145,43.425031
368,-91.22875,43.445537
369,-91.232276,43.450952
370,-91.233367,43.455168
371,-91.233187,43.457784000000004
372,-91.232241,43.460018
373,-91.22950300000001,43.462607
374,-91.224586,43.465525
375,-91.220399,43.471306
376,-91.21603499999999,43.481142
377,-91.215282,43.484798
378,-91.21761500000001,43.491008
379,-91.21826999999999,43.497228
380,-91.217706,43.50055
381,-91.217876,43.508103999999996
382,-91.217353,43.512474
383,-91.218292,43.514434
384,-91.222613,43.517891999999996
385,-91.230027,43.521595
386,-91.232941,43.523967
387,-91.236725,43.53293
388,-91.243183,43.540309
389,-91.244093,43.54562
390,-91.24382,43.54913
391,-91.243214,43.550722
392,-91.240649,43.554995
393,-91.234432,43.561780999999996
394,-91.232812,43.564842
395,-91.23149000000001,43.575595
396,-91.231865,43.581821999999995
397,-91.23270699999999,43.583533
398,-91.234499,43.585529
399,-91.239109,43.58976
400,-91.252926,43.600363
401,-91.258267,43.603484
402,-91.26163100000001,43.606175
403,-91.265091,43.609977
404,-91.268748,43.615348
405,-91.268457,43.627352
406,-91.263178,43.638203000000004
407,-91.26239699999999,43.64176
408,-91.263856,43.647662
409,-91.265051,43.649141
410,-91.270767,43.653079999999996
411,-91.271749,43.654928999999996
412,-91.273252,43.666623
413,-91.272741,43.676609
414,-91.267792,43.695652
415,-91.268455,43.709824
416,-91.266538,43.713947
417,-91.26131600000001,43.71949
418,-91.258756,43.723426
419,-91.255932,43.729849
420,-91.254903,43.733533
421,-91.255431,43.744876
422,-91.243955,43.773046
423,-91.244135,43.774667
424,-91.262436,43.792165999999995
425,-91.264436,43.800366
426,-91.267436,43.804165999999995
427,-91.272037,43.813765999999994
428,-91.273037,43.818566
429,-91.275737,43.824866
430,-91.277695,43.837740999999994
431,-91.281968,43.842738
432,-91.284138,43.847065
433,-91.291002,43.852733
434,-91.296739,43.855165
435,-91.298815,43.856555
436,-91.301302,43.859515
437,-91.310991,43.867381
438,-91.313037,43.875757
439,-91.31531,43.881808
440,-91.320605,43.888490999999995
441,-91.32814300000001,43.893435
442,-91.33814100000001,43.897664
443,-91.34233499999999,43.902696999999996
444,-91.346271,43.910074
445,-91.347741,43.911964000000005
446,-91.351688,43.914545000000004
447,-91.356741,43.916564
448,-91.357426,43.917231
449,-91.363242,43.926563
450,-91.364736,43.934884000000004
451,-91.366642,43.937463
452,-91.37514200000001,43.944289000000005
453,-91.385785,43.954239
454,-91.39508599999999,43.959409
455,-91.40601099999999,43.963929
456,-91.407395,43.965148
457,-91.410555,43.970892
458,-91.412491,43.973411
459,-91.424134,43.982631
460,-91.42568100000001,43.985113
461,-91.42671999999999,43.9885
462,-91.429878,43.993888
463,-91.43252199999999,43.996827
464,-91.43738,43.999962
465,-91.440536,44.001501
466,-91.457378,44.006301
467,-91.463515,44.009040999999996
468,-91.46847199999999,44.009479999999996
469,-91.478498,44.00803
470,-91.48087,44.008145
471,-91.494988,44.012536
472,-91.502163,44.016856
473,-91.507121,44.01898
474,-91.524315,44.021433
475,-91.533778,44.021433
476,-91.547028,44.022226
477,-91.559004,44.025315
478,-91.57328299999999,44.026901
479,-91.580019,44.026925
480,-91.582604,44.027381
481,-91.59206999999999,44.031372
482,-91.597617,44.034965
483,-91.60355,44.043681
484,-91.607339,44.047357
485,-91.610487,44.04931
486,-91.615375,44.051598
487,-91.623784,44.054106
488,-91.6279,44.055807
489,-91.633365,44.060364
490,-91.638115,44.063285
491,-91.640535,44.063679
492,-91.6434,44.062711
493,-91.644717,44.062782
494,-91.647873,44.064109
495,-91.652247,44.068634
496,-91.65700000000001,44.071409
497,-91.659511,44.074203000000004
498,-91.663442,44.080909999999996
499,-91.665263,44.085041
500,-91.667006,44.086964
501,-91.68153000000001,44.0974
502,-91.685748,44.098419
503,-91.691281,44.097858
504,-91.69530999999999,44.09857
505,-91.707491,44.103906
506,-91.708207,44.105185999999996
507,-91.70808199999999,44.110929
508,-91.709476,44.117565
509,-91.71059699999999,44.12048
510,-91.71909699999999,44.128853
511,-91.721552,44.130342
512,-91.730648,44.1329
513,-91.751747,44.134786
514,-91.75671899999999,44.136804
515,-91.768574,44.143508000000004
516,-91.774486,44.147539
517,-91.796669,44.154334999999996
518,-91.808064,44.159262
519,-91.817302,44.164235
520,-91.829167,44.17835
521,-91.832479,44.180308000000004
522,-91.84475400000001,44.184878000000005
523,-91.864387,44.196574
524,-91.87236899999999,44.199166999999996
525,-91.875158,44.200575
526,-91.876056,44.202728
527,-91.876356,44.209575
528,-91.877429,44.212921
529,-91.88026500000001,44.216555
530,-91.88979,44.226286
531,-91.892698,44.231105
532,-91.892963,44.235149
533,-91.887905,44.246398
534,-91.88704,44.251771999999995
535,-91.887824,44.254171
536,-91.88913199999999,44.25606
537,-91.896008,44.262871000000004
538,-91.89676,44.265446999999995
539,-91.895652,44.273008000000004
540,-91.896388,44.27469
541,-91.898697,44.277172
542,-91.905789,44.281614000000005
543,-91.920282,44.286496
544,-91.922205,44.287811
545,-91.924613,44.291815
546,-91.924975,44.294819
547,-91.924102,44.297095
548,-91.921028,44.301069
549,-91.91436,44.30823
550,-91.913574,44.310392
551,-91.913534,44.311392
552,-91.916191,44.318094
553,-91.918625,44.322671
554,-91.92559,44.333548
555,-91.928224,44.335473
556,-91.941311,44.340978
557,-91.94959899999999,44.348796
558,-91.95281999999999,44.352982
559,-91.959523,44.359404
560,-91.9636,44.362111999999996
561,-91.97026600000001,44.365842
562,-91.97492199999999,44.367515999999995
563,-91.978574,44.368371999999994
564,-91.983974,44.368448
565,-91.987289,44.369119
566,-91.993984,44.3718
567,-92.000165,44.374966
568,-92.002838,44.377117999999996
569,-92.006179,44.378825
570,-92.008589,44.379626
571,-92.019313,44.381217
572,-92.038147,44.388731
573,-92.046285,44.394397999999995
574,-92.053549,44.401375
575,-92.05648599999999,44.402729
576,-92.061637,44.404123999999996
577,-92.07226700000001,44.404016999999996
578,-92.07860500000001,44.404869
579,-92.087241,44.408848
580,-92.097415,44.411464
581,-92.111085,44.413948
582,-92.115296,44.416056
583,-92.12110600000001,44.420572
584,-92.12451300000001,44.422115000000005
585,-92.139569,44.424673
586,-92.162454,44.427208
587,-92.17028,44.428598
588,-92.195378,44.433792
589,-92.215163,44.438503000000004
590,-92.221083,44.440386
591,-92.232472,44.445434000000006
592,-92.237325,44.449417
593,-92.24201,44.454254
594,-92.244884,44.456842
595,-92.249071,44.459524
596,-92.262476,44.465149
597,-92.27678399999999,44.473649
598,-92.282364,44.477707
599,-92.291005,44.485464
600,-92.297122,44.492732000000004
601,-92.302215,44.500298
602,-92.302961,44.503601
603,-92.30246600000001,44.516487
604,-92.303046,44.518646000000004
605,-92.303527,44.519822
606,-92.307957,44.524475
607,-92.310827,44.528756
608,-92.314071,44.538014000000004
609,-92.317357,44.542512
610,-92.319938,44.544940000000004
611,-92.329013,44.550895000000004
612,-92.336114,44.554004
613,-92.347567,44.557149
614,-92.361518,44.558935
615,-92.368298,44.559182
616,-92.38904000000001,44.557697
617,-92.399281,44.558292
618,-92.415089,44.560359000000005
619,-92.420702,44.562041
620,-92.425774,44.564602
621,-92.431101,44.565785999999996
622,-92.433256,44.5655
623,-92.44074499999999,44.562833000000005
624,-92.455105,44.561886
625,-92.470209,44.565036
626,-92.481001,44.568276000000004
627,-92.48474,44.568067
628,-92.490472,44.566205
629,-92.493808,44.566063
630,-92.508759,44.570325
631,-92.512564,44.571801
632,-92.51835799999999,44.575183
633,-92.520878,44.5752
634,-92.527337,44.573554
635,-92.54055100000001,44.567258
636,-92.54434599999999,44.566986
637,-92.54805999999999,44.567792
638,-92.54995699999999,44.568988
639,-92.55151,44.571607
640,-92.551182,44.573449
641,-92.549685,44.576
642,-92.54928000000001,44.577704
643,-92.549777,44.58113
644,-92.560796,44.594955999999996
645,-92.567226,44.60177
646,-92.569434,44.603539000000005
647,-92.57294300000001,44.604649
648,-92.577148,44.605053999999996
649,-92.57885,44.603939000000004
650,-92.581591,44.600863000000004
651,-92.584711,44.599861
652,-92.58621600000001,44.600088
653,-92.588797,44.601698
654,-92.590467,44.605936
655,-92.601516,44.612052
656,-92.607141,44.612433
657,-92.61456899999999,44.61173
658,-92.618025,44.61287
659,-92.62145600000001,44.615017
660,-92.623163,44.618224
661,-92.623348,44.620713
662,-92.622571,44.623518
663,-92.61977399999999,44.629214000000005
664,-92.61977900000001,44.634195
665,-92.62173299999999,44.638983
666,-92.63210500000001,44.649027000000004
667,-92.655807,44.65804
668,-92.660988,44.660884
669,-92.664699,44.66338
670,-92.686511,44.682096
671,-92.69649100000001,44.689436
672,-92.700948,44.693751
673,-92.71319799999999,44.701085
674,-92.737259,44.717155
675,-92.7502,44.722120000000004
676,-92.7542,44.722767
677,-92.75699,44.723828999999995
678,-92.766054,44.729603999999995
679,-92.787906,44.737432
680,-92.802402,44.745166999999995
681,-92.802875,44.746846999999995
682,-92.804035,44.748433
683,-92.807317,44.750364000000005
684,-92.807988,44.75147
685,-92.807362,44.758909
686,-92.80528699999999,44.768361
687,-92.800313,44.777378999999996
688,-92.79603900000001,44.782056
689,-92.788776,44.787794
690,-92.785206,44.792303000000004
691,-92.782963,44.798131
692,-92.781498,44.809408000000005
693,-92.78043000000001,44.812589
694,-92.772663,44.821424
695,-92.771902,44.823067
696,-92.772663,44.826337
697,-92.772266,44.828046
698,-92.769367,44.8318
699,-92.766102,44.834965999999994
700,-92.76527800000001,44.837185999999996
701,-92.76527800000001,44.84107
702,-92.768574,44.854368
703,-92.769102,44.862167
704,-92.76710200000001,44.866766999999996
705,-92.763706,44.872129
706,-92.763402,44.874167
707,-92.764133,44.875904999999996
708,-92.769603,44.882967
709,-92.773946,44.889996999999994
710,-92.774907,44.892796999999995
711,-92.774571,44.898084000000004
712,-92.774022,44.900083
713,-92.773103,44.901367
714,-92.761341,44.906904
715,-92.759556,44.907857
716,-92.758701,44.908978999999995
717,-92.75755699999999,44.911214
718,-92.75064499999999,44.937298999999996
719,-92.75080200000001,44.941567
720,-92.754603,44.955767
721,-92.760701,44.964979
722,-92.767218,44.968084000000005
723,-92.76854499999999,44.969839
724,-92.76944499999999,44.97215
725,-92.77030400000001,44.978967
726,-92.77034599999999,44.983327
727,-92.769049,44.988195000000005
728,-92.770834,44.994131
729,-92.771231,45.001378
730,-92.768118,45.009115
731,-92.76253299999999,45.020551
732,-92.761904,45.022467
733,-92.76205999999999,45.02432
734,-92.764604,45.028766999999995
735,-92.770362,45.033803000000006
736,-92.77881500000001,45.039327
737,-92.78791,45.043516
738,-92.79328199999999,45.047178
739,-92.797081,45.050647999999995
740,-92.80205600000001,45.057423
741,-92.803079,45.060978000000006
742,-92.802911,45.065403
743,-92.80216300000001,45.067555
744,-92.800851,45.069477
745,-92.791528,45.079646999999994
746,-92.77401,45.089138
747,-92.765602,45.095729999999996
748,-92.754387,45.103146
749,-92.746749,45.107051
750,-92.744938,45.108309000000006
751,-92.740509,45.113396
752,-92.739584,45.115598
753,-92.739528,45.116515
754,-92.740611,45.118454
755,-92.742925,45.119918
756,-92.745694,45.123112
757,-92.749427,45.138117
758,-92.756807,45.151866
759,-92.757707,45.155466
760,-92.757775,45.160519
761,-92.756907,45.165166
762,-92.752542,45.171772
763,-92.752404,45.173916
764,-92.764872,45.182812
765,-92.766808,45.185466
766,-92.76740799999999,45.190166
767,-92.766932,45.195111
768,-92.763908,45.204865999999996
769,-92.762108,45.207166
770,-92.75800799999999,45.209565999999995
771,-92.754008,45.212765999999995
772,-92.751708,45.218666
773,-92.75219200000001,45.221051
774,-92.75393100000001,45.222905
775,-92.755732,45.225949
776,-92.757456,45.230526
777,-92.757503,45.238308
778,-92.760249,45.2496
779,-92.758907,45.253407
780,-92.755199,45.256733000000004
781,-92.75170899999999,45.261666
782,-92.751659,45.26591
783,-92.752666,45.269565
784,-92.758022,45.274822
785,-92.760615,45.278827
786,-92.761868,45.284938000000004
787,-92.761868,45.287013
788,-92.761013,45.289028
789,-92.75871,45.290965
790,-92.75081899999999,45.29298
791,-92.737122,45.300459000000004
792,-92.73259399999999,45.304224
793,-92.727737,45.309288
794,-92.709968,45.321302
795,-92.70479399999999,45.326526
796,-92.699956,45.333715999999995
797,-92.69896700000001,45.336374
798,-92.69892,45.339364
799,-92.699524,45.342421
800,-92.704054,45.35366
801,-92.703705,45.35633
802,-92.70272,45.358472
803,-92.696499,45.363529
804,-92.67919300000001,45.37271
805,-92.678223,45.373604
806,-92.678756,45.376201
807,-92.676961,45.380137
808,-92.669505,45.389111
809,-92.664102,45.393309
810,-92.658486,45.396058000000004
811,-92.65042199999999,45.398507
812,-92.65057,45.403308
813,-92.648157,45.407423
814,-92.646676,45.413227
815,-92.64694300000001,45.414265
816,-92.649467,45.416408000000004
817,-92.650269,45.419168
818,-92.649152,45.429618
819,-92.64676800000001,45.437929
820,-92.646602,45.441635
821,-92.652698,45.454527
822,-92.653549,45.455346
823,-92.66113100000001,45.458278
824,-92.677219,45.462864
825,-92.680234,45.464344
826,-92.68679300000001,45.472271
827,-92.69161899999999,45.476273
828,-92.695212,45.482882000000004
829,-92.702224,45.493046
830,-92.71189,45.503281
831,-92.715814,45.506676
832,-92.724337,45.512223
833,-92.726677,45.514462
834,-92.727744,45.518811
835,-92.728023,45.525652
836,-92.72465,45.536744
837,-92.724762,45.538616999999995
838,-92.72608199999999,45.541112
839,-92.745591,45.553016
840,-92.756906,45.557499
841,-92.764574,45.563592
842,-92.770223,45.566939
843,-92.773412,45.568234999999994
844,-92.775988,45.568478000000006
845,-92.785741,45.567888
846,-92.790143,45.566915
847,-92.801503,45.562853999999994
848,-92.812083,45.561122
849,-92.823309,45.560934
850,-92.83415600000001,45.563096
851,-92.843783,45.566134999999996
852,-92.846447,45.566515
853,-92.871082,45.567581
854,-92.881136,45.573409000000005
855,-92.883749,45.575483
856,-92.88495400000001,45.578818
857,-92.883277,45.589831
858,-92.886421,45.594881
859,-92.886442,45.598679
860,-92.8849,45.605001
861,-92.882529,45.610215999999994
862,-92.88297,45.613738
863,-92.886669,45.61976
864,-92.888035,45.624959000000004
865,-92.888114,45.628377
866,-92.886827,45.633403
867,-92.886963,45.636777
868,-92.887929,45.639006
869,-92.887067,45.644148
870,-92.885711,45.646017
871,-92.883987,45.65487
872,-92.882504,45.659471
873,-92.87893199999999,45.665606
874,-92.876891,45.675289
875,-92.875488,45.689014
876,-92.870145,45.696757
877,-92.870025,45.697272
878,-92.871775,45.699774
879,-92.868862,45.711993
880,-92.86968900000001,45.715142
881,-92.86919300000001,45.717568
882,-92.865688,45.720622999999996
883,-92.86259799999999,45.722241
884,-92.85340500000001,45.723152
885,-92.850933,45.723831
886,-92.850537,45.724376
887,-92.850388,45.727576
888,-92.848851,45.728751
889,-92.843079,45.729163
890,-92.84105100000001,45.730024
891,-92.83591700000001,45.732802
892,-92.830685,45.73312
893,-92.828981,45.733714
894,-92.826013,45.73665
895,-92.816559,45.742036999999996
896,-92.812939,45.742709000000005
897,-92.809837,45.744172
898,-92.805348,45.747493
899,-92.80397099999999,45.749805
900,-92.80263000000001,45.751888
901,-92.798645,45.753654
902,-92.784621,45.764196000000005
903,-92.781373,45.773062
904,-92.779617,45.782563
905,-92.776496,45.790014
906,-92.772065,45.79523
907,-92.76843000000001,45.79801
908,-92.761833,45.801258000000004
909,-92.75901,45.803965000000005
910,-92.75781500000001,45.806574
911,-92.757947,45.811215999999995
912,-92.760023,45.815475
913,-92.761889,45.817928
914,-92.76490600000001,45.824859000000004
915,-92.765681,45.827252
916,-92.765146,45.830183
917,-92.761712,45.833861
918,-92.759458,45.835341
919,-92.74918000000001,45.840717
920,-92.74555699999999,45.841454999999996
921,-92.739991,45.846283
922,-92.739278,45.84758
923,-92.73611700000001,45.859128999999996
924,-92.73648399999999,45.863356
925,-92.734039,45.868108
926,-92.72112800000001,45.883804999999995
927,-92.712503,45.891705
928,-92.707702,45.894901000000004
929,-92.703265,45.896155
930,-92.698983,45.896451
931,-92.683924,45.903939
932,-92.67660699999999,45.90637
933,-92.675737,45.907478000000005
934,-92.676807,45.91093
935,-92.676167,45.912071999999995
936,-92.67035200000001,45.916247
937,-92.659549,45.922937
938,-92.656125,45.924442
939,-92.639116,45.924555
940,-92.638474,45.925971000000004
941,-92.64011500000001,45.932478
942,-92.63993599999999,45.933541
943,-92.638824,45.934166
944,-92.63631600000001,45.934634
945,-92.62926,45.932404
946,-92.627723,45.932682
947,-92.62272,45.935186
948,-92.61431400000001,45.934529
949,-92.608329,45.938112
950,-92.60246,45.940815
951,-92.590138,45.941773
952,-92.580565,45.94625
953,-92.574892,45.948103
954,-92.569764,45.948146
955,-92.561256,45.951006
956,-92.55193299999999,45.951651
957,-92.551186,45.95224
958,-92.549858,45.957039
959,-92.55067199999999,45.960759
960,-92.549806,45.967985999999996
961,-92.548459,45.969056
962,-92.545682,45.970118
963,-92.53770899999999,45.977818
964,-92.530516,45.981918
965,-92.527052,45.983245000000004
966,-92.522032,45.984203
967,-92.519488,45.983917
968,-92.502535,45.979995
969,-92.490996,45.975559999999994
970,-92.484633,45.975871999999995
971,-92.479478,45.973991999999996
972,-92.472761,45.972952
973,-92.46935400000001,45.973811
974,-92.464481,45.976267
975,-92.46126,45.979427
976,-92.461138,45.980216
977,-92.463429,45.981507
978,-92.464173,45.982423
979,-92.464512,45.985038
980,-92.462477,45.98785
981,-92.45649399999999,45.990243
982,-92.453373,45.992913
983,-92.45363499999999,45.996171000000004
984,-92.452952,45.997782
985,-92.451627,46.000440999999995
986,-92.44963,46.002252
987,-92.444294,46.009161
988,-92.444356,46.011777
989,-92.44225899999999,46.016177
990,-92.435627,46.021232
991,-92.428555,46.024240999999996
992,-92.42069599999999,46.026769
993,-92.41064899999999,46.027259
994,-92.408259,46.02663
995,-92.39268100000001,46.01954
996,-92.38170699999999,46.017034
997,-92.37271700000001,46.014198
998,-92.36214100000001,46.013103
999,-92.35796500000001,46.013413
1000,-92.35176,46.015685
1001,-92.349977,46.016982
1002,-92.350319,46.01898
1003,-92.350004,46.021888
1004,-92.349281,46.023624
1005,-92.346345,46.025428999999995
1006,-92.34424399999999,46.027429999999995
1007,-92.343745,46.028525
1008,-92.34242900000001,46.034541
1009,-92.343604,46.040917
1010,-92.343459,46.04299
1011,-92.341278,46.045424
1012,-92.33859,46.050111
1013,-92.338239,46.052149
1014,-92.335335,46.059422
1015,-92.332912,46.062697
1016,-92.329806,46.065216
1017,-92.32786800000001,46.066179999999996
1018,-92.31932900000001,46.069289000000005
1019,-92.30675600000001,46.07241
1020,-92.298638,46.072989
1021,-92.294033,46.074377
1022,-92.294069,46.078346
1023,-92.29353,46.113824
1024,-92.29374399999999,46.166838
1025,-92.29385699999999,46.180073
1026,-92.29355799999999,46.224578
1027,-92.29361899999999,46.244043
1028,-92.293074,46.295128999999996
1029,-92.29300699999999,46.297987
1030,-92.29284,46.304319
1031,-92.292839,46.307107
1032,-92.29288000000001,46.313752
1033,-92.292803,46.314628000000006
1034,-92.29278199999999,46.319312
1035,-92.292999,46.321894
1036,-92.29286,46.41722
1037,-92.292847,46.420876
1038,-92.292727,46.431993
1039,-92.29251,46.478761
1040,-92.292371,46.495585
1041,-92.291976,46.503997
1042,-92.291647,46.604649
1043,-92.291597,46.624941
1044,-92.292192,46.663242
1045,-92.292192,46.666042
1046,-92.291292,46.668141999999996
1047,-92.28739200000001,46.667342
1048,-92.287092,46.662842
1049,-92.286192,46.660342
1050,-92.283692,46.658840999999995
1051,-92.278492,46.658640999999996
1052,-92.274392,46.657441
1053,-92.27279200000001,46.652840999999995
1054,-92.27059200000001,46.650741
1055,-92.26599300000001,46.651041
1056,-92.259692,46.657140999999996
1057,-92.256592,46.658741
1058,-92.24249300000001,46.649240999999996
1059,-92.23559200000001,46.650040999999995
1060,-92.228492,46.652941
1061,-92.22349200000001,46.652640999999996
1062,-92.216392,46.649840999999995
1063,-92.21239200000001,46.649941
1064,-92.207092,46.651941
1065,-92.202292,46.655041
1066,-92.201592,46.656641
1067,-92.20219200000001,46.658941
1068,-92.205492,46.664741
1069,-92.204092,46.666940999999994
1070,-92.199492,46.670241
1071,-92.192492,46.676741
1072,-92.18759200000001,46.678940999999995
1073,-92.181391,46.680240999999995
1074,-92.177591,46.683440999999995
1075,-92.176091,46.686341
1076,-92.176491,46.690241
1077,-92.177891,46.691841
1078,-92.183091,46.695240999999996
1079,-92.198491,46.696141
1080,-92.20519200000001,46.698341
1081,-92.205692,46.702541
1082,-92.204691,46.704041
1083,-92.20159100000001,46.705940999999996
1084,-92.19739100000001,46.707640999999995
1085,-92.193291,46.711240999999994
1086,-92.191491,46.716241
1087,-92.189091,46.717541
1088,-92.17889100000001,46.716741
1089,-92.174291,46.717240999999994
1090,-92.167291,46.719941
1091,-92.155191,46.71594
1092,-92.148691,46.715140000000005
1093,-92.146291,46.71594
1094,-92.14129100000001,46.72524
1095,-92.14339100000001,46.72814
1096,-92.14329000000001,46.73464
1097,-92.13789,46.739540000000005
1098,-92.11659,46.74864
1099,-92.10819000000001,46.749140000000004
1100,-92.08949,46.74924
1101,-92.03399,46.708939
1102,-92.020289,46.704039
1103,-92.01529000000001,46.706469
1104,-92.007989,46.705039
1105,-91.987889,46.692739
1106,-91.973389,46.686439
1107,-91.961889,46.682539
1108,-91.942988,46.679939000000005
1109,-91.886963,46.690211
1110,-91.857462,46.692362
1111,-91.840288,46.689693
1112,-91.820027,46.690176
1113,-91.790132,46.694675
1114,-91.74965,46.709129
1115,-91.64550200000001,46.734733
1116,-91.590684,46.754331
1117,-91.574291,46.757488
1118,-91.551445,46.755674
1119,-91.551408,46.755666
1120,-91.537115,46.754788
1121,-91.511077,46.757453000000005
1122,-91.499696,46.761243
1123,-91.492429,46.766663
1124,-91.47018100000001,46.768910999999996
1125,-91.449327,46.773303000000006
1126,-91.423713,46.78217
1127,-91.411799,46.789640000000006
1128,-91.398256,46.791213
1129,-91.391469,46.790205
1130,-91.36881899999999,46.793836
1131,-91.360804,46.798136
1132,-91.352191,46.807417
1133,-91.33825,46.817704
1134,-91.314815,46.826825
1135,-91.302295,46.830343
1136,-91.265866,46.833944
1137,-91.25670500000001,46.836887
1138,-91.25080600000001,46.841134999999994
1139,-91.232733,46.860034999999996
1140,-91.226796,46.863609999999994
1141,-91.211112,46.866696000000005
1142,-91.186561,46.885732
1143,-91.179687,46.885732
1144,-91.18175,46.880233000000004
1145,-91.20443900000001,46.858816
1146,-91.20010699999999,46.854017
1147,-91.178292,46.844259
1148,-91.167601,46.84476
1149,-91.147837,46.863082
1150,-91.144266,46.870301
1151,-91.140165,46.873201
1152,-91.134668,46.87249
1153,-91.133337,46.870340999999996
1154,-91.136512,46.860975
1155,-91.134948,46.858986
1156,-91.123109,46.856173
1157,-91.10549,46.857620000000004
1158,-91.096565,46.86153
1159,-91.093714,46.879882
1160,-91.090916,46.882670000000005
1161,-91.080951,46.883609
1162,-91.06822,46.878309
1163,-91.052991,46.881325
1164,-91.03989,46.88923
1165,-91.036622,46.893594
1166,-91.034518,46.903053
1167,-91.019141,46.911502
1168,-91.005199,46.916203
1169,-90.998848,46.915975
1170,-90.995149,46.917577
1171,-90.984617,46.925602000000005
1172,-90.97375500000001,46.941303999999995
1173,-90.968419,46.943909999999995
1174,-90.964865,46.94378
1175,-90.954537,46.938429
1176,-90.921811,46.931321999999994
1177,-90.913838,46.9334
1178,-90.908598,46.941305
1179,-90.879621,46.958088000000004
1180,-90.871126,46.961129
1181,-90.855874,46.962232
1182,-90.837716,46.957438
1183,-90.785606,46.926431
1184,-90.754552,46.898270000000004
1185,-90.750858,46.893035
1186,-90.75103100000001,46.887963
1187,-90.754734,46.884879999999995
1188,-90.761567,46.88317
1189,-90.77017,46.876296
1190,-90.78097199999999,46.858989
1191,-90.798936,46.823143
1192,-90.825696,46.803858
1193,-90.828057,46.797415
1194,-90.835607,46.789759000000004
1195,-90.856531,46.788885
1196,-90.86354200000001,46.780565
1197,-90.859445,46.773984999999996
1198,-90.86233299999999,46.768135
1199,-90.866586,46.764408
1200,-90.885021,46.756341
1201,-90.88339599999999,46.746987
1202,-90.870396,46.723293
1203,-90.852704,46.699582
1204,-90.853829,46.693457
1205,-90.86846800000001,46.680375
1206,-90.885869,46.670374
1207,-90.911281,46.663083
1208,-90.915152,46.658409999999996
1209,-90.920835,46.637351
1210,-90.920936,46.631584000000004
1211,-90.924487,46.625417
1212,-90.93868,46.608321999999994
1213,-90.949621,46.602975
1214,-90.951543,46.600621000000004
1215,-90.951476,46.597033
1216,-90.94193,46.588419
1217,-90.918266,46.58307
1218,-90.90981500000001,46.582703
1219,-90.90557199999999,46.583524
1220,-90.873154,46.601223
1221,-90.86712,46.601911
1222,-90.829031,46.616066
1223,-90.794775,46.624941
1224,-90.77019200000001,46.636127
1225,-90.755287,46.646289
1226,-90.756495,46.664590999999994
1227,-90.74809,46.669817
1228,-90.739549,46.689981
1229,-90.73725999999999,46.692267
1230,-90.694721,46.664402
1231,-90.62788499999999,46.623839000000004
1232,-90.586249,46.599863
1233,-90.558141,46.586384
1234,-90.537962,46.581081
1235,-90.525498,46.586926
1236,-90.505909,46.589614000000005
1237,-90.47376,46.574178
1238,-90.437596,46.561492
1239,-90.418136,46.566094
1240,-90.41561999999999,46.563169
1241,-90.414596,46.557320000000004
1242,-90.414464,46.557320000000004
1243,-90.407775,46.552246000000004
1244,-90.40559300000001,46.547584
1245,-90.402019,46.544384
1246,-90.400429,46.544384
1247,-90.400041,46.544384
1248,-90.398742,46.542738
1249,-90.39556800000001,46.536317
1250,-90.39527199999999,46.533941
1251,-90.39331999999999,46.532615
1252,-90.38722800000001,46.533663
1253,-90.374461,46.539212
1254,-90.369964,46.540549
1255,-90.3616,46.541434
1256,-90.357676,46.540271000000004
1257,-90.357014,46.540591
1258,-90.355689,46.540317
1259,-90.353534,46.537553
1260,-90.35158,46.537074
1261,-90.350121,46.537337
1262,-90.349462,46.53808
1263,-90.347514,46.547083
1264,-90.344338,46.552087
1265,-90.33692099999999,46.554076
1266,-90.331887,46.553278000000006
1267,-90.327548,46.550262
1268,-90.32804399999999,46.548046
1269,-90.326686,46.54615
1270,-90.324699,46.545602
1271,-90.320428,46.546287
1272,-90.310859,46.539365000000004
1273,-90.31032900000001,46.536852
1274,-90.311886,46.528695
1275,-90.31443399999999,46.523784
1276,-90.317777,46.521637
1277,-90.316983,46.517319
1278,-90.31389399999999,46.516199
1279,-90.313839,46.516199
1280,-90.31258100000001,46.517113
1281,-90.307716,46.518392
1282,-90.306558,46.518484
1283,-90.303546,46.517432
1284,-90.298284,46.51782
1285,-90.294411,46.518848
1286,-90.294311,46.519876000000004
1287,-90.292854,46.520972
1288,-90.28570699999999,46.518846
1289,-90.283423,46.518868
1290,-90.27892,46.522271
1291,-90.278356,46.523846999999996
1292,-90.27713100000001,46.524487
1293,-90.272599,46.521127
1294,-90.271971,46.519756
1295,-90.274721,46.515415999999995
1296,-90.270422,46.51169
1297,-90.270432,46.510756
1298,-90.270558,46.50956
1299,-90.270684,46.508237
1300,-90.27018000000001,46.507356
1301,-90.26848000000001,46.507166999999995
1302,-90.26652800000001,46.507356
1303,-90.26514300000001,46.506221999999994
1304,-90.26514300000001,46.505089
1305,-90.26526899999999,46.503828999999996
1306,-90.263018,46.502777
1307,-90.260504,46.502821999999995
1308,-90.25865,46.503483
1309,-90.25716,46.504715999999995
1310,-90.248194,46.505357000000004
1311,-90.246043,46.504832
1312,-90.24339499999999,46.505245
1313,-90.236283,46.507121000000005
1314,-90.231587,46.509842
1315,-90.230363,46.509705
1316,-90.22940200000001,46.507992
1317,-90.230921,46.504656
1318,-90.23102,46.503353999999995
1319,-90.230324,46.501732000000004
1320,-90.228735,46.501573
1321,-90.222351,46.50338
1322,-90.22053199999999,46.503403000000006
1323,-90.216594,46.501759
1324,-90.214866,46.499947
1325,-90.214843,46.498181
1326,-90.211753,46.490351000000004
1327,-90.204009,46.478175
1328,-90.201727,46.476074
1329,-90.193394,46.472487
1330,-90.188996,46.469015
1331,-90.188633,46.468101000000004
1332,-90.189426,46.467003999999996
1333,-90.19200500000001,46.465610999999996
1334,-90.193294,46.463143
1335,-90.190749,46.460173
1336,-90.189162,46.459053999999995
1337,-90.180336,46.456746
1338,-90.17921199999999,46.45309
1339,-90.17786,46.440548
1340,-90.17455600000001,46.439656
1341,-90.166919,46.439851000000004
1342,-90.16690899999999,46.439311
1343,-90.166526,46.437576
1344,-90.163422,46.434605
1345,-90.158603,46.422655999999996
1346,-90.158241,46.420485
1347,-90.15897199999999,46.413769
1348,-90.15785100000001,46.409290999999996
1349,-90.152936,46.401293
1350,-90.148347,46.399258
1351,-90.146816,46.397205
1352,-90.144359,46.390254999999996
1353,-90.13941,46.384999
1354,-90.135253,46.38221
1355,-90.133966,46.382118
1356,-90.13225,46.381249
1357,-90.134656,46.374978999999996
1358,-90.134663,46.374947
1359,-90.133871,46.371828
1360,-90.131036,46.369199
1361,-90.126517,46.366889
1362,-90.122923,46.363603000000005
1363,-90.122757,46.362621000000004
1364,-90.122785,46.361259000000004
1365,-90.122287,46.360139000000004
1366,-90.12097299999999,46.35972
1367,-90.11975699999999,46.359747999999996
1368,-90.119691,46.359755
1369,-90.118827,46.359241
1370,-90.116844,46.355153
1371,-90.116741,46.350652000000004
1372,-90.11746600000001,46.349486999999996
1373,-90.119729,46.348504
1374,-90.120614,46.34642
1375,-90.120198,46.345065999999996
1376,-90.11957199999999,46.34418
1377,-90.118791,46.342253
1378,-90.11946800000001,46.3397
1379,-90.121084,46.338656
1380,-90.12138,46.338131
1381,-90.121248,46.337216999999995
1382,-90.120489,46.336852
1383,-89.918798,46.297740999999995
1384,-89.90991,46.296402
1385,-89.90819599999999,46.296037
1386,-89.76450600000001,46.268082
1387,-89.667617,46.249796999999994
1388,-89.638416,46.243804
1389,-89.533801,46.224119
1390,-89.495723,46.216301
1391,-89.276883,46.174116
1392,-89.276489,46.174046999999995
1393,-89.219964,46.163319
1394,-89.21815600000001,46.162988
1395,-89.20565699999999,46.160408000000004
1396,-89.203289,46.16002
1397,-89.20128299999999,46.159426
1398,-89.194508,46.157942
1399,-89.166887,46.152868
1400,-89.161757,46.151816
1401,-89.125136,46.144531
1402,-89.09163000000001,46.138505
1403,-88.99080699999999,46.097297999999995
1404,-88.948698,46.080205
1405,-88.943279,46.077943
1406,-88.85027,46.040274
1407,-88.848464,46.038858000000005
1408,-88.847599,46.037161
1409,-88.843903,46.03305
1410,-88.84058399999999,46.031112
1411,-88.837991,46.030176000000004
1412,-88.835249,46.03033
1413,-88.831544,46.02962
1414,-88.820592,46.026261
1415,-88.816489,46.023924
1416,-88.815427,46.022954
1417,-88.815629,46.02232
1418,-88.811948,46.021609000000005
1419,-88.801761,46.023737
1420,-88.79646,46.023604999999996
1421,-88.79579,46.024864
1422,-88.796242,46.026853
1423,-88.80067,46.030035999999996
1424,-88.796182,46.033712
1425,-88.79179599999999,46.032057
1426,-88.78441099999999,46.032709000000004
1427,-88.77922099999999,46.031869
1428,-88.778628,46.031271000000004
1429,-88.778734,46.028875
1430,-88.783635,46.024357
1431,-88.78400699999999,46.022984
1432,-88.783891,46.020934000000004
1433,-88.782104,46.016558
1434,-88.779915,46.015436
1435,-88.776187,46.015931
1436,-88.769712,46.018968
1437,-88.768692,46.020571000000004
1438,-88.768305,46.021201
1439,-88.76760999999999,46.021643
1440,-88.767104,46.021896000000005
1441,-88.76615600000001,46.022149
1442,-88.765208,46.022086
1443,-88.763767,46.021943
1444,-88.760044,46.019815
1445,-88.758618,46.019542
1446,-88.756295,46.020173
1447,-88.75403299999999,46.022459999999995
1448,-88.752176,46.023584
1449,-88.746422,46.025797999999995
1450,-88.739994,46.027308000000005
1451,-88.730675,46.026534999999996
1452,-88.724801,46.024503
1453,-88.721125,46.022013
1454,-88.721319,46.018608
1455,-88.718397,46.013284000000006
1456,-88.713049,46.012668
1457,-88.710328,46.016303
1458,-88.70468699999999,46.018153999999996
1459,-88.698716,46.017903000000004
1460,-88.691662,46.015435
1461,-88.679132,46.013538
1462,-88.67460600000001,46.010567
1463,-88.671458,46.005103999999996
1464,-88.670115,45.999957
1465,-88.670939,45.999957
1466,-88.671267,45.999026
1467,-88.667464,45.995048
1468,-88.663923,45.993241999999995
1469,-88.663609,45.992397
1470,-88.66436,45.991337
1471,-88.66480200000001,45.989835
1472,-88.663697,45.989084000000005
1473,-88.662902,45.98873
1474,-88.661312,45.988819
1475,-88.65776,45.989287
1476,-88.6375,45.98496
1477,-88.635598,45.985119
1478,-88.634842,45.987565000000004
1479,-88.634055,45.987999
1480,-88.623947,45.988633
1481,-88.616405,45.9877
1482,-88.614176,45.988775
1483,-88.613063,45.990627
1484,-88.611563,45.99881
1485,-88.61146600000001,46.003332
1486,-88.607438,46.010991
1487,-88.603965,46.016181
1488,-88.60144,46.017599
1489,-88.598093,46.017623
1490,-88.59385999999999,46.015132
1491,-88.59330200000001,46.014447
1492,-88.592874,46.011590000000005
1493,-88.58975500000001,46.005602
1494,-88.589,46.005077
1495,-88.58067,46.006975
1496,-88.57299499999999,46.011798999999996
1497,-88.57155300000001,46.013811
1498,-88.565485,46.015708000000004
1499,-88.554987,46.014977
1500,-88.550756,46.012896000000005
1501,-88.541078,46.013763
1502,-88.539011,46.014790999999995
1503,-88.534876,46.018104
1504,-88.53353,46.019932
1505,-88.533825,46.020915
1506,-88.532414,46.021212
1507,-88.526673,46.020821999999995
1508,-88.523131,46.019518
1509,-88.514601,46.019926
1510,-88.509516,46.019169
1511,-88.507188,46.0183
1512,-88.50620500000001,46.017134000000006
1513,-88.505946,46.013385
1514,-88.50013299999999,46.000457
1515,-88.498765,46.000393
1516,-88.496898,45.999012
1517,-88.496897,45.998281
1518,-88.498108,45.996359999999996
1519,-88.497417,45.995149
1520,-88.49249499999999,45.992157
1521,-88.486755,45.990949
1522,-88.478984,45.991797
1523,-88.47600200000001,45.992826
1524,-88.474036,45.994655
1525,-88.47515200000001,45.996598
1526,-88.474695,45.99877
1527,-88.470855,46.001003999999995
1528,-88.465542,46.000685
1529,-88.458658,45.999390999999996
1530,-88.45436099999999,45.997518
1531,-88.453868,45.996169
1532,-88.454261,45.993426
1533,-88.450325,45.990181
1534,-88.448751,45.98977
1535,-88.443078,45.990685
1536,-88.43973299999999,45.990456
1537,-88.43579799999999,45.988125
1538,-88.43406,45.986205
1539,-88.426125,45.984102
1540,-88.42343699999999,45.98193
1541,-88.422322,45.98017
1542,-88.42304399999999,45.978547
1543,-88.42035600000001,45.976764
1544,-88.416914,45.975322999999996
1545,-88.414849,45.975483000000004
1546,-88.411077,45.979139
1547,-88.409864,45.979688
1548,-88.40284799999999,45.981194
1549,-88.399046,45.980278000000006
1550,-88.395308,45.980391
1551,-88.388847,45.982675
1552,-88.38431800000001,45.988113
1553,-88.385234,45.990239
1554,-88.380183,45.991654
1555,-88.33462800000001,45.968808
1556,-88.330137,45.965951000000004
1557,-88.328333,45.964054
1558,-88.327872,45.958934
1559,-88.33029599999999,45.956625
1560,-88.326953,45.955071000000004
1561,-88.326003,45.9553
1562,-88.320531,45.959963
1563,-88.31689399999999,45.960969
1564,-88.30951999999999,45.959369
1565,-88.300965,45.956168
1566,-88.296968,45.953767
1567,-88.295264,45.951253
1568,-88.292381,45.951115
1569,-88.283335,45.955090999999996
1570,-88.26839,45.957485999999996
1571,-88.259343,45.959494
1572,-88.256455,45.962739
1573,-88.254816,45.963538
1574,-88.25013299999999,45.963147
1575,-88.25013299999999,45.963572
1576,-88.249117,45.963663000000004
1577,-88.246307,45.962983
1578,-88.245937,45.958726
1579,-88.246579,45.956596999999995
1580,-88.245752,45.954147
1581,-88.244452,45.952141999999995
1582,-88.242518,45.950363
1583,-88.239672,45.948982
1584,-88.23314,45.947404999999996
1585,-88.227988,45.947688
1586,-88.223773,45.948712
1587,-88.222167,45.948513
1588,-88.215025,45.946976
1589,-88.211158,45.944531
1590,-88.209585,45.94428
1591,-88.201852,45.945173
1592,-88.202116,45.949836
1593,-88.197627,45.953082
1594,-88.19631600000001,45.953311
1595,-88.191991,45.952740000000006
1596,-88.189789,45.952208
1597,-88.17800799999999,45.947111
1598,-88.17553199999999,45.944897
1599,-88.172628,45.941015
1600,-88.170096,45.93947
1601,-88.16395899999999,45.938340000000004
1602,-88.163105,45.939043
1603,-88.158704,45.939064
1604,-88.14635200000001,45.935314
1605,-88.146419,45.934194
1606,-88.145928,45.933646
1607,-88.141001,45.930608
1608,-88.12742800000001,45.926153
1609,-88.126122,45.924639
1610,-88.12743,45.923214
1611,-88.12759399999999,45.922414
1612,-88.12638199999999,45.921499
1613,-88.121864,45.92075
1614,-88.118507,45.92114
1615,-88.115346,45.922211
1616,-88.104686,45.922121000000004
1617,-88.102908,45.921869
1618,-88.096496,45.917273
1619,-88.095409,45.915175
1620,-88.095354,45.913895000000004
1621,-88.099172,45.912362
1622,-88.101973,45.91055
1623,-88.104576,45.906847
1624,-88.105677,45.904387
1625,-88.10613599999999,45.900811
1626,-88.105981,45.897090999999996
1627,-88.105447,45.896592999999996
1628,-88.101814,45.883503999999995
1629,-88.100218,45.881205
1630,-88.09584100000001,45.880041999999996
1631,-88.083965,45.881186
1632,-88.081781,45.880516
1633,-88.073944,45.875593
1634,-88.073134,45.871952
1635,-88.07514599999999,45.864832
1636,-88.077534,45.863825
1637,-88.081641,45.865087
1638,-88.08259,45.864944
1639,-88.084985,45.862443
1640,-88.087419,45.857459000000006
1641,-88.088825,45.85586
1642,-88.098326,45.850142
1643,-88.106622,45.841072
1644,-88.109089,45.839492
1645,-88.111726,45.839196
1646,-88.114267,45.837891
1647,-88.120723,45.832995000000004
1648,-88.122947,45.829565
1649,-88.127808,45.827172999999995
1650,-88.13364,45.823128000000004
1651,-88.135067,45.821694
1652,-88.13611,45.819029
1653,-88.131834,45.811312
1654,-88.12946099999999,45.809288
1655,-88.116024,45.804078999999994
1656,-88.10950600000001,45.803584
1657,-88.107506,45.802668
1658,-88.105355,45.800104
1659,-88.105518,45.798839
1660,-88.106351,45.797573
1661,-88.103247,45.791361
1662,-88.099616,45.790186
1663,-88.094047,45.785658000000005
1664,-88.08859,45.784696999999994
1665,-88.079764,45.78495
1666,-88.078361,45.784248999999996
1667,-88.076375,45.781606
1668,-88.072091,45.780260999999996
1669,-88.050634,45.780972
1670,-88.048514,45.782548999999996
1671,-88.044697,45.783718
1672,-88.040892,45.786452000000004
1673,-88.040221,45.789235999999995
1674,-88.03972900000001,45.789626
1675,-88.033568,45.789815999999995
1676,-88.031124,45.789233
1677,-88.02722800000001,45.789190000000005
1678,-88.0236,45.790094
1679,-88.017588,45.792455
1680,-88.00704300000001,45.792192
1681,-88.001593,45.794090999999995
1682,-87.995876,45.795435
1683,-87.991447,45.795393
1684,-87.98983100000001,45.794827000000005
1685,-87.987942,45.793075
1686,-87.982617,45.782944
1687,-87.98087,45.776977
1688,-87.981789,45.775081
1689,-87.98339200000001,45.774696
1690,-87.985597,45.774926
1691,-87.989829,45.772945
1692,-87.98965600000001,45.772025
1693,-87.986429,45.769596
1694,-87.976835,45.767015
1695,-87.972451,45.766319
1696,-87.96696999999999,45.764021
1697,-87.963996,45.760794
1698,-87.964725,45.759461
1699,-87.963452,45.75822
1700,-87.959277,45.757366999999995
1701,-87.954459,45.758414
1702,-87.944113,45.757422
1703,-87.934585,45.758094
1704,-87.92913,45.760364
1705,-87.926611,45.75959
1706,-87.921999,45.756989000000004
1707,-87.90893299999999,45.758297
1708,-87.907771,45.75928
1709,-87.905873,45.759364
1710,-87.904657,45.759163
1711,-87.90270699999999,45.757932000000004
1712,-87.901299,45.756553000000004
1713,-87.90000500000001,45.753496999999996
1714,-87.898363,45.752503000000004
1715,-87.89603199999999,45.752285
1716,-87.89190500000001,45.754055
1717,-87.882261,45.754779
1718,-87.879812,45.754843
1719,-87.875813,45.753888
1720,-87.873339,45.750439
1721,-87.868111,45.749477
1722,-87.864141,45.745697
1723,-87.86305,45.74309
1724,-87.863874,45.74266
1725,-87.86431999999999,45.737139
1726,-87.85548,45.726943
1727,-87.837343,45.716919
1728,-87.83144200000001,45.714938000000004
1729,-87.812338,45.711303
1730,-87.810144,45.710229999999996
1731,-87.805867,45.706841
1732,-87.805081,45.704974
1733,-87.805076,45.703556
1734,-87.80918100000001,45.700337
1735,-87.809075,45.699717
1736,-87.80499300000001,45.695796
1737,-87.80188000000001,45.693862
1738,-87.787727,45.68718
1739,-87.782226,45.683053
1740,-87.780808,45.680349
1741,-87.780737,45.675458
1742,-87.78100699999999,45.673934
1743,-87.781623,45.67328
1744,-87.795355,45.671334
1745,-87.798903,45.67014
1746,-87.80329,45.666494
1747,-87.823164,45.662732
1748,-87.823868,45.66192
1749,-87.823672,45.659817
1750,-87.822425,45.658012
1751,-87.822693,45.656077
1752,-87.824676,45.653211
1753,-87.824102,45.647138
1754,-87.82181800000001,45.645589
1755,-87.817277,45.643926
1756,-87.810194,45.638732
1757,-87.80448100000001,45.628933
1758,-87.796983,45.623613
1759,-87.79617900000001,45.622074
1760,-87.79588000000001,45.618846000000005
1761,-87.792016,45.616756
1762,-87.780845,45.614599
1763,-87.777671,45.609204
1764,-87.776238,45.597797
1765,-87.777199,45.588499
1766,-87.781255,45.585682
1767,-87.785647,45.58396
1768,-87.786767,45.58283
1769,-87.787534,45.581376
1770,-87.78729200000001,45.574906
1771,-87.788326,45.567941
1772,-87.788798,45.565946999999994
1773,-87.790874,45.564096
1774,-87.792372,45.563055
1775,-87.797536,45.562124
1776,-87.806104,45.562863
1777,-87.813745,45.565175
1778,-87.829346,45.568776
1779,-87.831689,45.568034999999995
1780,-87.833591,45.562529
1781,-87.83296800000001,45.559461
1782,-87.832296,45.558766999999996
1783,-87.827215,45.555620000000005
1784,-87.818791,45.5521
1785,-87.813737,45.548615999999996
1786,-87.807159,45.543523
1787,-87.80339000000001,45.538272
1788,-87.803364,45.537015999999994
1789,-87.804528,45.534372999999995
1790,-87.80471999999999,45.531244
1791,-87.804203,45.524676
1792,-87.802267,45.514233000000004
1793,-87.798794,45.506287
1794,-87.793215,45.505028
1795,-87.79276899999999,45.499967
1796,-87.793447,45.498371999999996
1797,-87.796409,45.494679
1798,-87.797824,45.491468
1799,-87.798362,45.486564
1800,-87.79896,45.485147
1801,-87.80689100000001,45.479092
1802,-87.807388,45.477031
1803,-87.80587299999999,45.47438
1804,-87.805773,45.473139
1805,-87.81146899999999,45.467991
1806,-87.81297099999999,45.4661
1807,-87.812976,45.464159
1808,-87.821057,45.459955
1809,-87.82743,45.458076
1810,-87.83245600000001,45.455020000000005
1811,-87.833042,45.453596000000005
1812,-87.83600799999999,45.450877
1813,-87.844815,45.448411
1814,-87.847429,45.444177
1815,-87.855298,45.441379
1816,-87.86169699999999,45.434473
1817,-87.86195,45.433071999999996
1818,-87.860127,45.429584000000006
1819,-87.86043199999999,45.423504
1820,-87.856216,45.416101
1821,-87.85181,45.413103
1822,-87.850533,45.411685
1823,-87.84966800000001,45.409518
1824,-87.849322,45.403872
1825,-87.85096899999999,45.401925
1826,-87.859131,45.398967
1827,-87.859773,45.397278
1828,-87.859603,45.396409000000006
1829,-87.85683,45.393106
1830,-87.859418,45.388227
1831,-87.864677,45.385232
1832,-87.87090500000001,45.383115999999994
1833,-87.873568,45.381357
1834,-87.875424,45.379373
1835,-87.875692,45.377052
1836,-87.871789,45.373557
1837,-87.87148499999999,45.371546
1838,-87.876862,45.368534999999994
1839,-87.884855,45.362792
1840,-87.887828,45.358121999999995
1841,-87.888052,45.354696999999994
1842,-87.886949,45.35311
1843,-87.88517,45.351735999999995
1844,-87.881114,45.351278
1845,-87.879835,45.351490000000005
1846,-87.873529,45.354286
1847,-87.871685,45.355729
1848,-87.871124,45.357011
1849,-87.871285,45.358614
1850,-87.871204,45.360056
1851,-87.870243,45.360617
1852,-87.86856,45.360537
1853,-87.867037,45.360137
1854,-87.865675,45.358213
1855,-87.865274,45.355969
1856,-87.864873,45.354766999999995
1857,-87.863489,45.35302
1858,-87.860871,45.351192
1859,-87.85861700000001,45.350378000000006
1860,-87.852784,45.349497
1861,-87.850418,45.347491999999995
1862,-87.849899,45.344651
1863,-87.851475,45.342335
1864,-87.851318,45.341346
1865,-87.850133,45.340435
1866,-87.84836800000001,45.340676
1867,-87.83814100000001,45.345101
1868,-87.836782,45.346451
1869,-87.835303,45.35098
1870,-87.832612,45.352249
1871,-87.829775,45.352005
1872,-87.826918,45.350538
1873,-87.824855,45.350713
1874,-87.823554,45.351637
1875,-87.82302800000001,45.35265
1876,-87.810076,45.351269
1877,-87.800464,45.353608
1878,-87.790324,45.353444
1879,-87.78796700000001,45.352612
1880,-87.783076,45.349725
1881,-87.773901,45.351226000000004
1882,-87.771384,45.351209999999995
1883,-87.769172,45.351195000000004
1884,-87.762128,45.348401
1885,-87.754104,45.349441999999996
1886,-87.751452,45.351755
1887,-87.751626,45.354169
1888,-87.750928,45.355037
1889,-87.738352,45.358243
1890,-87.737801,45.359635
1891,-87.733409,45.364432
1892,-87.718891,45.377462
1893,-87.708329,45.381218
1894,-87.706767,45.383827000000004
1895,-87.704337,45.385462
1896,-87.699797,45.387927000000005
1897,-87.693956,45.389893
1898,-87.690281,45.389821999999995
1899,-87.685934,45.388711
1900,-87.682866,45.38495
1901,-87.67501700000001,45.382453999999996
1902,-87.67455,45.381648999999996
1903,-87.674403,45.378065
1904,-87.673513,45.376946000000004
1905,-87.657349,45.368752
1906,-87.656624,45.367295
1907,-87.655807,45.362706
1908,-87.656632,45.358616999999995
1909,-87.653568,45.354203999999996
1910,-87.650661,45.353798
1911,-87.648476,45.352243
1912,-87.647729,45.350721
1913,-87.64745400000001,45.345232
1914,-87.648126,45.339396
1915,-87.655775,45.330847
1916,-87.65983,45.329144
1917,-87.661603,45.327608000000005
1918,-87.662029,45.326434000000006
1919,-87.6615,45.321386
1920,-87.663666,45.318257
1921,-87.665243,45.317115
1922,-87.667423,45.316359999999996
1923,-87.67532800000001,45.307907
1924,-87.679085,45.305841
1925,-87.687498,45.298055
1926,-87.687578,45.296283
1927,-87.690364,45.29027
1928,-87.69346800000001,45.287675
1929,-87.69824799999999,45.281512
1930,-87.699492,45.276659
1931,-87.69845600000001,45.272071999999994
1932,-87.69878,45.269420000000004
1933,-87.703053,45.267041
1934,-87.709137,45.260341
1935,-87.707779,45.258342999999996
1936,-87.70914499999999,45.254649
1937,-87.71148000000001,45.245224
1938,-87.711339,45.239965000000005
1939,-87.712184,45.239014000000005
1940,-87.713398,45.238564000000004
1941,-87.717051,45.238743
1942,-87.718264,45.238333000000004
1943,-87.72415600000001,45.233236
1944,-87.725205,45.231539
1945,-87.72492,45.229977000000005
1946,-87.721935,45.228444
1947,-87.721354,45.226847
1948,-87.722473,45.223309
1949,-87.726952,45.218949
1950,-87.727276,45.216128999999995
1951,-87.726175,45.21264
1952,-87.726198,45.209391
1953,-87.72796,45.207956
1954,-87.736339,45.204653
1955,-87.739492,45.202126
1956,-87.741732,45.198201
1957,-87.741805,45.197051
1958,-87.73521,45.177642
1959,-87.736509,45.173389
1960,-87.736104,45.172244
1961,-87.735135,45.171538
1962,-87.730866,45.170913
1963,-87.72776800000001,45.169596000000006
1964,-87.724601,45.167452000000004
1965,-87.72312099999999,45.165141
1966,-87.717945,45.161156
1967,-87.711322,45.158946
1968,-87.708134,45.156003999999996
1969,-87.707391,45.154678999999994
1970,-87.703492,45.152206
1971,-87.700618,45.151188
1972,-87.69505500000001,45.150521999999995
1973,-87.692375,45.149505
1974,-87.688425,45.147433
1975,-87.683902,45.144135
1976,-87.675816,45.135059000000005
1977,-87.676024,45.134089
1978,-87.678511,45.131204
1979,-87.678209,45.130084000000004
1980,-87.67244699999999,45.121294
1981,-87.671,45.120069
1982,-87.667102,45.118109000000004
1983,-87.661296,45.112565999999994
1984,-87.661211,45.108278999999996
1985,-87.659952,45.107512
1986,-87.657135,45.107568
1987,-87.652512,45.108633000000005
1988,-87.648191,45.106367999999996
1989,-87.63611,45.105918
1990,-87.631535,45.106224
1991,-87.629571,45.105323999999996
1992,-87.62882900000001,45.104039
1993,-87.62764,45.103328000000005
1994,-87.62160899999999,45.102399
1995,-87.614897,45.100064
1996,-87.59188,45.094689
1997,-87.59020799999999,45.095264
1998,-87.587147,45.089495
1999,-87.587992,45.085271
2000,-87.591583,45.083791999999995
2001,-87.594718,45.085134000000004
2002,-87.601849,45.082297
2003,-87.610395,45.075617
2004,-87.625748,45.045157
2005,-87.62469300000001,45.014176
2006,-87.630298,44.976865000000004
2007,-87.661964,44.973034999999996
2008,-87.696492,44.974233
2009,-87.76687199999999,44.965253999999995
2010,-87.812989,44.954013
2011,-87.819525,44.951109
2012,-87.839028,44.931718
2013,-87.84343299999999,44.924355
2014,-87.84429899999999,44.918524
2015,-87.84271899999999,44.912077000000004
2016,-87.839561,44.905607
2017,-87.827751,44.891228999999996
2018,-87.832764,44.880939
2019,-87.838359,44.873987
2020,-87.848324,44.87044
2021,-87.852789,44.86486
2022,-87.854681,44.857771
2023,-87.866237,44.840481
2024,-87.878218,44.839016
2025,-87.901137,44.827365
2026,-87.904484,44.818723
2027,-87.926816,44.778555
2028,-87.94145300000001,44.75608
2029,-87.95156,44.753107
2030,-87.964714,44.74357
2031,-87.983494,44.720196
2032,-87.989717,44.686582
2033,-87.99011,44.668455
2034,-88.002085,44.664035
2035,-88.009766,44.637081
2036,-88.009463,44.630398
2037,-87.998716,44.609288
2038,-88.00194300000001,44.603909
2039,-88.012395,44.602438
2040,-88.01640400000001,44.592092
2041,-88.027103,44.578992
2042,-88.036103,44.576792
2043,-88.041202,44.572581
2044,-88.04241400000001,44.566589
2045,-88.00551800000001,44.539215999999996
2046,-87.970702,44.530291999999996
2047,-87.94380100000001,44.529693
2048,-87.929001,44.535993
2049,-87.917,44.548093
2050,-87.901177,44.568925
2051,-87.898888,44.574135
2052,-87.903689,44.581317
2053,-87.901179,44.584545
2054,-87.891717,44.588982
2055,-87.866884,44.608434
2056,-87.830848,44.623583
2057,-87.808819,44.636338
2058,-87.77516,44.639281
2059,-87.765774,44.642022999999995
2060,-87.75603100000001,44.649128999999995
2061,-87.750899,44.656192
2062,-87.748409,44.667122
2063,-87.72983599999999,44.682015
2064,-87.71978,44.693246
2065,-87.718409,44.707811
2066,-87.721816,44.718969
2067,-87.720889,44.724548
2068,-87.70585200000001,44.738225
2069,-87.68820699999999,44.758891999999996
2070,-87.6463,44.798739000000005
2071,-87.63710400000001,44.813575
2072,-87.610063,44.838384000000005
2073,-87.58130600000001,44.851791
2074,-87.573175,44.853118
2075,-87.550288,44.851290000000006
2076,-87.530999,44.857437
2077,-87.515142,44.869596
2078,-87.50157800000001,44.864284999999995
2079,-87.478489,44.863572
2080,-87.437084,44.892718
2081,-87.433128,44.892741
2082,-87.420327,44.887596
2083,-87.419106,44.885378
2084,-87.419951,44.87594
2085,-87.410015,44.861990000000006
2086,-87.405541,44.860046999999994
2087,-87.384821,44.865532
2088,-87.38363100000001,44.885115
2089,-87.385396,44.889964
2090,-87.393399,44.898199
2091,-87.406199,44.90449
2092,-87.405005,44.911806
2093,-87.398368,44.925226
2094,-87.393405,44.934393
2095,-87.387253,44.939421
2096,-87.37480500000001,44.956631
2097,-87.360288,44.987643
2098,-87.336457,45.013529999999996
2099,-87.322117,45.034201
2100,-87.30283100000001,45.052446999999994
2101,-87.28428000000001,45.063694
2102,-87.264877,45.081361
2103,-87.260542,45.092585
2104,-87.260595,45.106007
2105,-87.257449,45.121644
2106,-87.25048699999999,45.131289
2107,-87.240308,45.137886
2108,-87.242924,45.149377
2109,-87.238224,45.167259
2110,-87.23121400000001,45.172887
2111,-87.221971,45.175039
2112,-87.21437,45.165735
2113,-87.195213,45.163109999999996
2114,-87.17506800000001,45.17305
2115,-87.167179,45.183594
2116,-87.163169,45.185331
2117,-87.14770899999999,45.190711
2118,-87.13303,45.192842999999996
2119,-87.123689,45.189890000000005
2120,-87.119972,45.191103000000005
2121,-87.119405,45.20544
2122,-87.12160899999999,45.209783
2123,-87.12281899999999,45.222997
2124,-87.11643199999999,45.24152
2125,-87.108743,45.257003000000005
2126,-87.078316,45.265723
2127,-87.071035,45.280355
2128,-87.068586,45.295134000000004
2129,-87.059714,45.298803
2130,-87.057627,45.292838
2131,-87.0517,45.285888
2132,-87.04389499999999,45.284766999999995
2133,-87.03420600000001,45.287758000000004
2134,-87.017036,45.299254
2135,-86.994112,45.298061
2136,-86.983355,45.295367999999996
2137,-86.97778000000001,45.290684000000006
2138,-86.970355,45.278455
2139,-86.974528,45.271823
2140,-86.984398,45.264365999999995
2141,-86.984975,45.258674
2142,-86.982669,45.249117
2143,-86.976711,45.246146
2144,-86.973022,45.246399
2145,-86.978759,45.227333
2146,-86.985973,45.215872
2147,-87.002806,45.211773
2148,-87.005359,45.213694
2149,-87.00754,45.222127
2150,-87.032546,45.222274
2151,-87.040909,45.211535
2152,-87.045899,45.173902000000005
2153,-87.045225,45.158401
2154,-87.028847,45.146370000000005
2155,-87.033114,45.141753
2156,-87.045748,45.134987
2157,-87.054342,45.119968
2158,-87.051049,45.116172
2159,-87.048951,45.108717999999996
2160,-87.048213,45.089124
2161,-87.05744399999999,45.087467
2162,-87.06315699999999,45.079316
2163,-87.079552,45.070783
2164,-87.081866,45.059103
2165,-87.091639,45.055145
2166,-87.121156,45.058310999999996
2167,-87.124701,45.052935999999995
2168,-87.124808,45.042167
2169,-87.13938399999999,45.012565
2170,-87.154084,45.009116999999996
2171,-87.163529,45.00489
2172,-87.181901,44.980887
2173,-87.18940699999999,44.968632
2174,-87.188375,44.948077000000005
2175,-87.17524,44.939753
2176,-87.1717,44.931476
2177,-87.17492,44.927749
2178,-87.18673199999999,44.925463
2179,-87.204238,44.916819
2180,-87.215977,44.906597
2181,-87.21719499999999,44.897839000000005
2182,-87.206285,44.885928
2183,-87.204545,44.875593
2184,-87.267441,44.846851
2185,-87.27603,44.83318
2186,-87.282561,44.814729
2187,-87.304824,44.804603
2188,-87.313751,44.793766
2189,-87.320397,44.784963
2190,-87.31898199999999,44.771335
2191,-87.33758399999999,44.737751
2192,-87.343508,44.719228
2193,-87.353789,44.701915
2194,-87.368263,44.684141
2195,-87.39352099999999,44.640654999999995
2196,-87.401629,44.631190999999994
2197,-87.40541,44.627190999999996
2198,-87.418028,44.620870000000004
2199,-87.437493,44.605071
2200,-87.446963,44.586273999999996
2201,-87.46809300000001,44.551925
2202,-87.483696,44.511354
2203,-87.483914,44.504425
2204,-87.490024,44.477224
2205,-87.498662,44.460685999999995
2206,-87.506362,44.423804
2207,-87.511635,44.414043
2208,-87.517965,44.394356
2209,-87.517597,44.375696000000005
2210,-87.521047,44.367526
2211,-87.533583,44.351110999999996
2212,-87.54538199999999,44.321385
2213,-87.54471600000001,44.306864000000004
2214,-87.541155,44.293143
2215,-87.521755,44.259957
2216,-87.50841899999999,44.229669
2217,-87.507419,44.210803000000006
2218,-87.51290300000001,44.192808
2219,-87.51966,44.17987
2220,-87.53994,44.159690000000005
2221,-87.563181,44.144195
2222,-87.600882,44.131695
2223,-87.621082,44.121895
2224,-87.64658299999999,44.104694
2225,-87.655183,44.081894
2226,-87.653483,44.067194
2227,-87.656083,44.051794
2228,-87.671316,44.03735
2229,-87.683361,44.020139
2230,-87.695503,43.989582
2231,-87.69892,43.965936
2232,-87.703951,43.956651
2233,-87.716037,43.943705
2234,-87.719041,43.937781
2235,-87.726803,43.903133000000004
2236,-87.73617800000001,43.880421000000005
2237,-87.736017,43.873721
2238,-87.728698,43.852524
2239,-87.7296,43.831782000000004
2240,-87.726407,43.810445
2241,-87.700251,43.76735
2242,-87.700085,43.761395
2243,-87.702985,43.749695
2244,-87.705185,43.745095
2245,-87.708285,43.742895000000004
2246,-87.709885,43.735795
2247,-87.708185,43.722895
2248,-87.702985,43.706395
2249,-87.702685,43.687596
2250,-87.706204,43.679542
2251,-87.734312,43.63919
2252,-87.781255,43.578493
2253,-87.79013499999999,43.563054
2254,-87.797608,43.52731
2255,-87.797336,43.510622999999995
2256,-87.793239,43.492783
2257,-87.807799,43.461135999999996
2258,-87.82731899999999,43.434849
2259,-87.85560799999999,43.405440999999996
2260,-87.865048,43.393570000000004
2261,-87.872504,43.380178
2262,-87.877448,43.369234999999996
2263,-87.88239200000001,43.352099
2264,-87.889207,43.307652000000004
2265,-87.901847,43.284116999999995
2266,-87.911787,43.250406
2267,-87.910087,43.235907
2268,-87.896286,43.197108
2269,-87.887586,43.186608
2270,-87.881085,43.170609000000006
2271,-87.892285,43.148709999999994
2272,-87.900285,43.13731
2273,-87.901385,43.13321
2274,-87.900485,43.12591
2275,-87.893185,43.114011
2276,-87.87608399999999,43.099011
2277,-87.866484,43.074412
2278,-87.870184,43.064412
2279,-87.88208399999999,43.051113
2280,-87.895084,43.042313
2281,-87.898684,43.028813
2282,-87.89578399999999,43.015814
2283,-87.887683,43.000514
2284,-87.878683,42.992415
2285,-87.857182,42.978015
2286,-87.84518100000001,42.962015
2287,-87.842681,42.944115999999994
2288,-87.84778,42.889216
2289,-87.834879,42.856716999999996
2290,-87.823278,42.835318
2291,-87.793976,42.806218
2292,-87.773699,42.793481
2293,-87.767168,42.790378999999994
2294,-87.75617,42.780068
2295,-87.77134000000001,42.771685999999995
2296,-87.77817399999999,42.762819
2297,-87.782174,42.747719000000004
2298,-87.778627,42.727299
2299,-87.782374,42.708219
2300,-87.785074,42.700819
2301,-87.786774,42.700719
2302,-87.794874,42.689919
2303,-87.803074,42.675419
2304,-87.814674,42.644020000000005
2305,-87.81967399999999,42.61582
2306,-87.819374,42.60662
2307,-87.815074,42.594120000000004
2308,-87.810873,42.58732
2309,-87.813273,42.57922
2310,-87.812273,42.52982
2311,-87.80967199999999,42.51482
2312,-87.800477,42.49192
2313,-87.815872,42.49192
2314,-87.843594,42.492307000000004
2315,-87.900242,42.49302
2316,-87.97127900000001,42.494019
2317,-87.99018000000001,42.494519
2318,-88.049782,42.495319
2319,-88.115285,42.496219
2320,-88.200172,42.496016
2321,-88.2169,42.495923
2322,-88.25009,42.495823
2323,-88.271691,42.494818
2324,-88.417396,42.494618
2325,-88.46139699999999,42.494618
2326,-88.506912,42.494883
2327,-88.638653,42.495043
2328,-88.70738,42.493587
2329,-88.76536,42.492067999999996
2330,-88.786681,42.491983000000005
2331,-88.940391,42.495046
2332,-88.943264,42.495114
2333,-88.992659,42.496025
2334,-89.013667,42.496087
2335,-89.01380400000001,42.496097
2336,-89.042898,42.496255
2337,-89.071141,42.496208
2338,-89.099012,42.496499
2339,-89.116949,42.49691
2340,-89.120365,42.496992
2341,-89.125111,42.496957
2342,-89.164905,42.497347
2343,-89.166728,42.497256
2344,-89.22627,42.497957
2345,-89.228279,42.498047
2346,-89.246972,42.498129999999996
2347,-89.250759,42.497994
2348,-89.29089599999999,42.498853000000004
2349,-89.361561,42.500012
2350,-89.366031,42.500274
2351,-89.401432,42.500433
2352,-89.420991,42.500589
2353,-89.422567,42.500679999999996
2354,-89.423926,42.500818
2355,-89.425162,42.500726
2356,-89.4843,42.501426
2357,-89.492612,42.501514
2358,-89.493216,42.501514
2359,-89.522542,42.501889
2360,-89.56440699999999,42.502628
2361,-89.594779,42.503468
2362,-89.600001,42.503671999999995
2363,-89.603523,42.503557
2364,-89.61341,42.503941999999995
2365,-89.644176,42.50452
2366,-89.650324,42.504613
2367,-89.667596,42.50496
2368,-89.690088,42.505190999999996
2369,-89.693487,42.505099
2370,-89.742395,42.505382
2371,-89.769643,42.505322
2372,-89.780302,42.505349
2373,-89.79395699999999,42.505466
2374,-89.799704,42.505421000000005
2375,-89.801897,42.505444
2376,-89.926374,42.505788
2377,-89.926484,42.505787
2378,-89.955291,42.505626
2379,-89.985072,42.506464
2380,-89.98564499999999,42.506431
2381,-89.997213,42.506755
2382,-89.999314,42.506914
2383,-90.017028,42.507127000000004
2384,-90.018665,42.507288
2385,-90.07366999999999,42.508275
2386,-90.093026,42.50816
2387,-90.095004,42.507884999999995
2388,-90.142922,42.508151
2389,-90.164363,42.508272
2390,-90.181572,42.508068
2391,-90.206073,42.507746999999995
2392,-90.22319,42.507765
2393,-90.25062199999999,42.507521000000004
2394,-90.253121,42.50734
2395,-90.267143,42.507642
2396,-90.269335,42.507726
2397,-90.272864,42.507531
2398,-90.303823,42.507469
2399,-90.362652,42.507048
2400,-90.367874,42.507114
2401,-90.370673,42.507111
2402,-90.405927,42.506890999999996
2403,-90.437011,42.507146999999996
2404,-90.47495500000001,42.507484000000005
2405,-90.479446,42.507416
2406,-90.491716,42.507624
2407,-90.53225400000001,42.507573
2408,-90.544347,42.507707
2409,-90.544799,42.507713
2410,-90.551165,42.507690999999994
2411,-90.555862,42.507509000000006
2412,-90.565441,42.5076
2413,-90.614589,42.508053000000004
2414,-90.617731,42.508077
2415,-90.640927,42.508302
2416,-90.726738,47.062129999999996
2417,-90.730179,47.068317
2418,-90.73086500000001,47.080006
2419,-90.723991,47.077942
2420,-90.719177,47.066944
2421,-90.726738,47.062129999999996
2422,-90.588898,47.060210999999995
2423,-90.591278,47.066757
2424,-90.590088,47.073299
2425,-90.586517,47.07568
2426,-90.58294699999999,47.073895
2427,-90.58294699999999,47.069138
2428,-90.58473199999999,47.062591999999995
2429,-90.588898,47.060210999999995
2430,-90.641838,47.025116
2431,-90.65136,47.028090999999996
2432,-90.65254200000001,47.034039
2433,-90.649574,47.038799
2434,-90.643623,47.041176
2435,-90.637077,47.038204
2436,-90.636482,47.036419
2437,-90.637672,47.029282
2438,-90.641838,47.025116
2439,-90.679314,47.018574
2440,-90.692398,47.021545
2441,-90.692993,47.031063
2442,-90.68705,47.043556
2443,-90.67752800000001,47.044746
2444,-90.66444399999999,47.047127
2445,-90.65194699999999,47.053074
2446,-90.648979,47.053074
2447,-90.649574,47.048912
2448,-90.670395,47.039986
2449,-90.673363,47.031658
2450,-90.67693299999999,47.02095
2451,-90.679314,47.018574
2452,-90.748734,46.99889
2453,-90.76798199999999,47.002327
2454,-90.776924,47.024322999999995
2455,-90.76042199999999,47.03326
2456,-90.738426,47.014010999999996
2457,-90.748734,46.99889
2458,-90.563316,46.996563
2459,-90.565102,46.998943
2460,-90.56926700000001,47.017979
2461,-90.57461500000001,47.029872999999995
2462,-90.573425,47.035824
2463,-90.56450699999999,47.040581
2464,-90.560936,47.039986
2465,-90.560936,47.037014
2466,-90.563316,47.030468
2467,-90.562126,47.028090999999996
2468,-90.547852,47.020355
2469,-90.544876,47.017384
2470,-90.547852,47.0037
2471,-90.5532,46.998943
2472,-90.563316,46.996563
2473,-90.617447,46.989426
2474,-90.621613,46.991802
2475,-90.624588,47.00013
2476,-90.624588,47.0037
2477,-90.61863699999999,47.007271
2478,-90.608528,47.007271
2479,-90.602577,47.00251
2480,-90.603172,46.995373
2481,-90.609718,46.991207
2482,-90.617447,46.989426
2483,-90.694778,46.98288
2484,-90.707275,46.98288
2485,-90.712029,46.98526
2486,-90.71144100000001,46.990612
2487,-90.70549,47.000725
2488,-90.696564,47.008461
2489,-90.680504,47.007271
2490,-90.669205,47.00013
2491,-90.669205,46.998943
2492,-90.679909,46.993587
2493,-90.694778,46.98288
2494,-90.856346,46.976395000000004
2495,-90.85968000000001,46.976395000000004
2496,-90.866341,46.981155
2497,-90.876335,46.984962
2498,-90.878235,46.990196000000005
2499,-90.875854,46.9921
2500,-90.872528,46.989719
2501,-90.865387,46.986389
2502,-90.85253900000001,46.985912
2503,-90.85301199999999,46.980678999999995
2504,-90.856346,46.976395000000004
2505,-90.79924,46.967594
2506,-90.805901,46.970448
2507,-90.804947,46.973304999999996
2508,-90.798286,46.975681
2509,-90.795906,46.979965
2510,-90.78877299999999,46.980919
2511,-90.784966,46.979488
2512,-90.786865,46.975208
2513,-90.78971899999999,46.969971
2514,-90.79924,46.967594
2515,-90.961876,46.961464
2516,-90.96901700000001,46.963844
2517,-90.980316,46.971577
2518,-90.983887,46.979313
2519,-90.982101,46.985855
2520,-90.955925,46.991207
2521,-90.949387,46.991207
2522,-90.941055,46.996563
2523,-90.939865,47.00132
2524,-90.937485,47.003105
2525,-90.928566,47.000725
2526,-90.92321,46.988831
2527,-90.92321,46.98645
2528,-90.930351,46.980499
2529,-90.931534,46.977528
2530,-90.930351,46.967415
2531,-90.932129,46.962654
2532,-90.946411,46.962654
2533,-90.961876,46.961464
2534,-90.671585,46.948975
2535,-90.67574300000001,46.952541
2536,-90.67693299999999,46.957302
2537,-90.668015,46.968605
2538,-90.654922,46.976933
2539,-90.637672,46.980499
2540,-90.633507,46.978123
2541,-90.634102,46.970982
2542,-90.65136,46.957302
2543,-90.666824,46.950161
2544,-90.671585,46.948975
2545,-90.73710600000001,46.914711
2546,-90.765289,46.947021
2547,-90.74054699999999,46.964207
2548,-90.715111,46.957333
2549,-90.694489,46.93671
2550,-90.688988,46.917460999999996
2551,-90.73710600000001,46.914711
2552,-90.689674,46.878966999999996
2553,-90.702049,46.885155
2554,-90.677986,46.897526
2555,-90.667679,46.889965000000004
2556,-90.67524,46.881027
2557,-90.689674,46.878966999999996
2558,-90.494446,46.870028999999995
2559,-90.516449,46.876903999999996
2560,-90.450455,46.898903000000004
2561,-90.447731,46.896209999999996
2562,-90.449768,46.892715
2563,-90.475891,46.876217
2564,-90.494446,46.870028999999995
2565,-90.75605,46.830593
2566,-90.76254300000001,46.832221999999994
2567,-90.76140600000001,46.838924
2568,-90.749481,46.862469
2569,-90.730232,46.873466
2570,-90.72274,46.871639
2571,-90.718544,46.864532000000004
2572,-90.745354,46.835659
2573,-90.75605,46.830593
2574,-86.94416,45.300632
2575,-86.957222,45.304756
2576,-86.95929,45.310257
2577,-86.957909,45.315067
2578,-86.947601,45.312321000000004
2579,-86.942787,45.306133
2580,-86.94416,45.300632
2581,-87.327286,45.157364
2582,-87.376778,45.177299
2583,-87.375404,45.199295
2584,-87.33416,45.21167
2585,-87.33071899999999,45.206856
2586,-87.33622,45.173176
2587,-87.327286,45.157364
